Id,Name,Prep Time,Cook Time,Servings,Ingredients,Directions,Tags
1,"Tajine Maadnous
"," 20 min
","35 min
","12
","['1 lb chicken breasts diced\n', '1 medium onion chopped\n', '1 large potato peeled and diced\n', '1 cup water\n', '1 small bunch parsley (about 1.5 cups, chopped, loosely packed)\n', '8 large eggs\n', '6 oz cheese\n', '2 tbsp olive oil\n', '\n', 'Spice Blend\n', '\n', '1 tsp cumin\n', '1 tsp coriander\n', '1 tsp turmeric\n', '1 tsp salt\n', '1/2 tsp paprika or cayenne pepper if you want some heat\n', '1/2 tsp black pepper\n', '1/4 tsp caraway\n', '1/4 tsp thyme\n', '1/4 tsp cinnamon\n', '\n']","['Mix the spices together (grinding any whole spices if necessary) and set them aside.\n', 'In a large frying pan or pot over medium heat, saute the onions in about 1 tbsp of olive oil until tender.\n', 'Toss chicken with 1/2 of the spice mix. Add this to the pan and brown.\n', 'Add the potatoes and the water to the pan. Bring to a gentle simmer, then cook uncovered until potatoes are tender and most of the liquid has evaporated.\n', 'Stir chopped parsley into the cooked mixture and set aside to cool.\n', 'Preheat oven to 350Â°F (180Â°C), and grease a medium (2 quart/liter) baking pan with the remaining olive oil.\n', 'Thoroughly whisk the eggs in a large bowl, then mix in the cheese. Stir in the chicken, potato, and parsley mixture, along with the remaining spice mixture. Stir until well-combined, then pour into the oiled baking dish.\n', 'Bake for 30-35 minutes, or until set in the center. Allow to cool, and serve warm or at room temperature. Serve with some harissa, if you like.\n']","['tunisian', 'eggs', 'dinner', 'chicken', 'onion', 'potato', 'parsley', 'cheese', 'cumin', 'coriander', 'turmeric', 'paprika', 'cayenne', 'caraway', 'thyme', 'cinnamon', '55']"
2,"Perfect Potato Salad
","15 min
","5 min
","8
","['5 Potatoes, peeled and cut into bite-size chunks (about 2 lbs)\n', '1 cup Plain Yogurt\n', '1/2 cup Mayonnaise\n', '1 Tbsp Prepared Horseradish\n', '4 Radishes, thinly sliced\n', '2 stalks Celery, diced\n', '2 large Green Onions, thinly sliced\n', '1/4 cup Fresh Parsley, chopped\n', '1/4 cup Fresh Dill, chopped\n', '\n']","['Place potatoes in a pot and just cover with water. Partially lid and bring to a boil. Reduce heat and simmer partially covered just until potatoes are tender (5 mins). Donâ€™t overcook. Drain well.\n', 'Meanwhile in a large bowl, stir yogurt with mayonnaise, horseradish, salt, and pepper. Stir in radishes, celery, green onions, parsley, and dill until mixed.\n', 'Add warm potatoes and stir to combine. Refrigerate at least 1 hour before serving. Taste and adjust seasonings if desired.\n', '\n']","['american', 'quick', 'fast', 'side', 'yogurt', 'mayonnaise', 'horseradish', 'radish', 'celery', 'green onion', 'parsley', 'dill', '20']"
3,"Strawberry Compote
","~20 min
","5-10 min
","16
","['Strawberries (two standard packs works best)\n', 'Sugar\n', '\n']","['Get 3 bowls and a butter knife (if the butter knife has a point, that will work better)\n', 'Dump out both packs of strawberries into a sieve or bowl and wash them thoroughly.\n', 'Remove the stem and leaves/crown of the strawberry. The crown can be peeled by hand, then use the butter knife to cut out the stem.\n', 'Large strawberries can be cut in half.\n', 'Once all of the strawberries are clean, put them in a standard 4 quart (3.8 L) pot. Fill it with water to the brim.\n', 'Put the pot to boil. The strawberries will gradually lose their color, which is completely normal.\n', 'Once it boils, let it cook for 5 mins.\n', 'After five minutes are over, turn off the heat and incrementally add sugar to your preference. I suggest 1-1.5 cups (237 to 355 grams) of sugar for 4 quarts (3.8 L) of compote. Taste between helpings of sugar to make sure its not oversweetened.\n', 'Let the pot cool, then refrigerate. Serve chilled.\n']","['russian', 'fruit', 'drink', 'quick', 'fast', 'sugar', '30']"
4,"Easy Chicken and Rice Casserole
","5 min
","40 min
","4
","['1/2 cup Onion, chopped\n', '1/2 cup Celery, chopped\n', '2 Tbsp Butter or margarine\n', '2 cups Chicken, cooked and chopped\n', '1 3/4 cups Hot water\n', '2/3 cup Long Grain White Rice\n', '1 can (10 oz) Mushrooms with liquid\n', '1 cup Frozen Peas and Carrots\n', '1 tsp Dried Thyme and Rosemary\n', '\n']","['In large fry pan, cook onion and celery in butter until soft.\n', 'Stir in remaining ingredients.\n', 'Bake in covered 8 cup baking dish in preheated (350F) oven for about 30 minutes or until rice is cooked.\n', '\n']","['quick', 'dinner', 'lunch', 'onion', 'celery', 'butter', 'margarine', 'mushrooms', 'peas', 'carrots', 'thyme', 'rosemary', '45']"
5,"Turkish Red Lentil Soup
","10 min
","30 min
","6
","['1 cup Red Lentils\n', '5 Tbsp Olive Oil\n', '1 Tbsp Paprika\n', '1/2 Tbsp Red Paper Flakes\n', '1 large Onion, finely diced\n', '1 large Carrot, diced\n', '4 tsp Tomato Paste\n', '2 tsp Cumin\n', '1/2 tsp Dried Mint\n', '1/2 tsp Thyme or Oregano\n', '4 cup Vegetable Broth\n', '4 cup Water\n', '\n']","['Reserve half the paprika and red pepper flakes, set aside.\n', 'Pick through lentils for any foreign debris, rinse two or three times, drain and set aside.\n', 'In a large pot over medium-high heat, saute 2 Tbsp of the olive oil and and onion with a pinch of salt for 3 minutes. Add the carrots and saute for another 3 minutes.\n', 'Add the tomato paste and stir it around for 1 minute. Add cumin, mint, thyme, and the paprika/pepper flakes not reserved - and saute for 10 seconds to bloom the spices. Immediately add the lentils, water, broth, and salt. Bring the soup to a boil.\n', 'Once boiling, reduce heat to a medium, cover the pot halfway, and cook for 15-20 minutes or until the lentils have fallen apart and the carrots are fully softened.\n', 'Meanwhile, heat the remaining olive oil in a small sauce pan over medium heat, and swirl in the reserved paprika and red pepper flakes. The moment you see the paprika start to bubble, remove the pan from the heat.\n', 'Blend the soup to reach the desired consistency. Taste for seasoning.\n', 'Divide soup into bowls and drizzle the paprika oil on top of each serving.\n', '\n']","['vegetarian', 'dinner', 'olive oil', 'paprika', 'red pepper flakes', 'onion', 'carrot', 'tomato paste', 'cumin', 'mint', 'thyme', 'oregano', 'vegetable broth', 'broth', '40']"
6,"Hakka-Style Meatballs
","10 min
","20 min
","3
","['1/2 lb Ground Beef\n', '1/4 cup Panko Breadcrumbs\n', '2 Tbsp Soy Sauce, divided\n', '4 tsp Chili Garlic Sauce\n', '1/2 oz Ginger, minced\n', '2 medium Green Bell Peppers\n', '1 small Onion, chopped\n', '3/4 cup Basmati Rice\n', '2 oz Green Peas\n', '1/2 cup Cilantro, loosely packed\n', '1 Tbsp Moroccan Spice Blend, divided\n', '4 Tbsp Sweet Chili Sauce\n', 'Oil\n', '\n']","['Preheat oven to 450F. Add 1 1/4 cup water and 1/4 tsp salt to a medium pot. Cover and bring to a boil over a medium-high heat. Add rice and reduce heat to low. Cover and cook until rice is tender and liquid is absorbed (12-14 mins). Add peas halfway through cooking. When rice is done, remove pot from heat, and leave covered.\n', 'While rice cooks, combine beef, panko, half the ginger, a quarter of the soy sauce and a third of the Moroccan spice blend. Roll mixture into 9 equal-sized meatballs. Arrange meatballs on a parchment-lined baking sheet. Bake on the middle rack in the oven until golden-brown and cooked through (8-10 mins).\n', 'Meanwhile, core and cut the green peppers into 1/2"" pieces and roughly chop cilantro. Stir together sweet chili sauce, remaining soy sauce, 1/4 cup water and chili garlic sauce in a small bowl.\n', 'Heat a large non-stick pan over medium-high heat. Add 1 Tbsp oil, then onion and peppers. Cook, stirring occasionally, until slightly softened (2-3 mins). Add remaining ginger and remaining Moroccan spice blend. Cook, stirring constantly, until fragrant (30 sec).\n', 'Add meatballs and the stir-fry sauce to the pan with veggies. Cook, stirring gently, until sauce thickens slightly and coats meatballs (1 min). Season with salt and pepper, to taste.\n', 'Add half the cilantro to rice, then fluff with a fork. Divide rice between plates, then top with meatballs, veggies, and any sauce in the pan. Sprinkle remaining cilantro over top.\n', '\n']","['basmati rice', 'asian', 'quick', 'fast', 'dinner', 'lunch', 'ground beef', 'panko', 'breadcrumbs', 'soy sauce', 'chili garlic sauce', 'ginger', 'green bell pepper', 'onion', 'peas', 'cilantro', 'moroccan spice blend', 'sweet chili sauce', '30']"
7,"Tofu and Cashew Chow Mein
","15 min
","10 min
","3
","['10 oz Precooked Thick Wheat Noodles\n', '3 Tbsp Soy Sauce\n', '2 Tbsp Oyster Sauce\n', '2 tsp Sesame Oil\n', '2 Tbsp Peanut Oil or other suitable frying oil\n', '6 oz Firm Tofu, cut into cubes\n', '1 Carrot, julienned\n', '2 cups Small Broccoli Florets\n', '2 cloves Garlic, minced\n', '2 tsp Ginger, finely grated\n', '1/2 cup Roasted Cashews\n', '\n']","['Loosen the precooked noodles by soaking in a bowl of hot water for 2-3 minutes, then drain and set aside.\n', 'Mix together the soy sauce, oyster sauce, sesame oil and 2 Tbsp water in a bowl.\n', 'Heat a wok or large frying pan over a high heat, add the oil and stir-fry the carrot and broccoli for 2 minutes.\n', 'Add the tofu and stir-fry for 4 minutes.\n', 'Add the garlic and ginger and stir-fry for a minute.\n', 'Stir through the noodles and then add the sauce mixture and cashews and mix until thoroughly combined and heated through.\n', '\n']","['asian', 'vegan', 'dinner', 'lunch', 'wheat noodles', 'soy sauce', 'oyster sauce', 'sesame oil', 'peanut oil', 'carrot', 'broccoli', 'garlic', 'ginger', '25']"
8,"Teriyaki Beef Wok
","10 min
","15 min
","2
","['2 dL water\n', '2 tbsp cornstarch\n', '1 tbsp honey\n', '1/4 tsp ginger\n', '3 tbsp soy sauce\n', 'Sesame oil\n', 'Beef slices or strips\n', 'Carrot, sliced (optional)\n', 'Broccoli, florets (optional)\n', 'Baby corn (optional)\n', 'Water chestnut, sliced (optional)\n', 'Bean sprouts (optional)\n', 'Chili pepper, diced (optional)\n', 'Noodles or rice\n', '\n']","['Whisk water, cornstarch, honey, ginger and soy sauce. Set aside.\n', 'Heat some sesame oil to medium heat in a wok and brown the beef.\n', 'Move the beef aside, add sesame oil and vegetables to the wok at high heat.\n', 'Mix everything in the wok and heat.\n']","['asian', 'noodles', 'quick', 'fast', 'dinner', 'lunch', 'cornstarch', 'honey' 'ginger', 'soy sauce', 'sesame oil', 'carrot', 'broccoli', 'corn', 'water chestnut', 'bean sprouts', 'chili pepper', 'rice', '25']"
9,"Newfoundland Cod Chowder
","10 min
","30 min
","8
","['4 Slices Bacon\n', '2 Onions, sliced\n', '1 tsp Savoury\n', '6 Potatoes, peeled and cubed\n', '3 Carrots, sliced\n', '1 1/2 lbs Cod Fillets\n', '1 can Evaporated Milk\n', '2 Tbsp Fresh Parsley or Chives, chopped\n', '\n']","['In a large, heavy saucepan, cook bacon over medium-high heat for about 10 minutes or until crisp. Chop coarsely and set aside.\n', 'Drain off all but 1 tbsp. fat from saucepan. Add onions and savoury. Cook, stirring occasionally for 5 minutes or until softened.\n', 'Add potatoes, carrots, water and salt. Bring to boil, cover, reduce heat and simmer for about 20 minutes or until tender\n', 'Cut cod into 1-inch chunks. Add to vegetables and simmer for about 5 minutes or until fish flakes easily\n', 'Add milk and white pepper, heat through. Garnish with bacon and parsley.\n', '\n']","['fish', 'soup', 'seafood', 'dinner', 'lunch', 'bacon', 'savory', 'onions', 'potato', 'carrot', 'cod fillet', 'evaporated milk', 'parsley', 'chives', '40']"
10,"Fajitas
","20 min
","15 min
","4
","['1/4 cup + 1/2 tsp Lime Juice, divided\n', '3 Tbsp Olive Oil, divided\n', '4 cloves Garlic, crushed\n', '3 tsp Soy Sauce, divided\n', '1 tsp Salt\n', '1/2 tsp Liquid Smoke\n', '1/2 tsp Cayenne Pepper\n', '1/4 tsp Black Pepper\n', '1 lb Chicken Breasts or Skirt Steak, bones/skin removed\n', '2 Tbsp Water\n', '1 large Spanish Onion, thinly sliced\n', '1/2 each Green, Red, and Yellow Bell Pepper, thinly sliced\n', '\n']","['Combine 1/4 cup lime juice, 2 Tbsp of the oil, garlic, 2 tsp soy sauce, the salt, liquid smoke, cayenne pepper, and black pepper in a resealable container, add chicken/steak, cover, and refrigerate for at least 2 hours or overnight.\n', 'Combine water, remaining soy sauce and lime juice, and a dash of salt and pepper - set aside.\n', 'Grill meat over a medium-high flame for 4-5 minutes per side, or until cooked through.\n', 'Cut meat into thin strips - set aside and keep warm.\n', 'In a large skillet over medium-high heat, cook onion and peppers in remaining oil until brown - remove from heat and pour reserved liquid mixture over onions and peppers.\n', 'Toss together meat, onions, and peppers.\n', 'Can serve with warm tortillas, pico de gallo, cheese, sour cream, and guacamole.\n', '\n']","['beef', 'chicken', 'southwest', 'lunch', 'dinner', 'lime juice', 'olive oil', 'garlic', 'soy sauce', 'liquid smoke', 'cayenne', 'onion', 'bell pepper', '35']"
11,"Za'atar Chicken Bulghur Bowls
","10 min
","20 min
","4
","['4 Chicken Breasts\n', '1 cup Bulghur Wheat\n', '1 oz Mixed Olives, drained\n', '4 oz Baby Spinach, chopped\n', '2 Tbsp Zaâ€™atar Spice Blend\n', '2 Roma Tomatoes\n', '1 Lemon\n', '1/2 cup Feta Cheese, crumbled\n', '2 Garlic Cloves, minced/grated\n', '2 Tbsp White Vinegar\n', '1 tsp Sugar\n', 'Oil\n', '\n']","['Preheat oven to 450F. Add 1 1/2 cup water and 1/4 tsp salt to a medium pot. Cover and bring to a boil over high heat. While water comes to a boil, cut tomato into 1/4"" pieces. Zest and juice the lemon.\n', 'Add garlic and bulghur to the boiling water. Stir to combine, remove pot from heat, cover, and let stand until bulghur is tender and liquid is absorbed (15 mins).\n', 'While bulghur rehydrates, pat chicken dry and season with Zaâ€™atar spice blend, salt, and pepper. Heat a large non-stick pan over medium-high heat. Add 1/2 tsp oil, then the chicken. Sear until golden-brown. Transfer chicken to a sheet and bake on the middle rack in the oven until chicken is cooked through (10-12 mins)\n', 'Meanwhile, whisk together vinegar, lemon juice, lemon zest, 1 tsp oil, and 1/2 tsp salt in a small bowl. Set aside.\n', 'When bulghur is done, fluff with a fork. Add olives, spinach, tomatoes, and half the dressing to the pot. Season with salt and pepper, then stir to combine.\n', 'Thinly slice chicken. Divide bulghur salad between plates, then top with chicken. Sprinkle with feta and drizzle remaining dressing over top.\n', '\n']","['mediterranean', 'turkish', 'quick', 'fast', 'dinner', 'bulghur wheat', 'olives', 'spinach', 'zaatar spice', 'roma tomato', 'lemon', 'feta cheese', 'garlic cloves', 'white vinegar', 'sugar', '30']"
12,"Irish Potato Casserole
","5 min
","45 min
","6
","['2 cups Potatoes, peeled and shredded\n', '1/2 cup Butter, melted\n', '2 whole Eggs, beaten\n', '1 tsp Onion, minced\n', '1 tsp Salt\n', '1/4 tsp Paprika\n', '1/2 cup Milk\n', '1/2 cup Sharp Cheddar Cheese, shredded\n', '\n']","['Preheat oven to 350F. Butter a 1.5 quart baking dish.\n', 'In a medium bowl, combine the potatoes, butter, eggs, onion, salt, and paprika. Mix well.\n', 'Place potato mixture into the prepared baking dish and pour milk over top. Bake in the preheated oven for 40 minutes. Sprinkle top with cheese, return to oven until cheese melts and is slightly browned.\n', '\n']","['tray bake', 'dinner', 'butter', 'eggs', 'onion', 'paprika', 'milk', 'cheddar cheese', '50']"
13,"Ratatouille
","12 min
","75 min
","12
","['3 1/2 lbs Tomatoes\n', '1 1/2 lbs Eggplant\n', '1 lb Zucchini\n', '3 Bell Peppers\n', '2 lbs Onions\n', '6 cloves Garlic\n', 'Herbes de Provence (Basil, Thyme, Parsley)\n', 'Olive Oil\n', 'Salt\n', 'Pepper\n', '140g Tomato Paste (optional if tomatoes arenâ€™t yummy)\n', '\n']","['Peel and drain the tomatoes (donâ€™t mind the seeds): cut out the stem cores; drop the whole tomatoes into boiling water for 2 minutes. Remove into a colander. The skin should split for easy removal; otherwise, make an X cut in the top, then peel off the skin.\n', 'Chop the onion and garlic. Clean the bell pepper, cut into small strips.\n', 'In a large cooking pot with thick bottom, put in olive oil, onions, and chopped garlic. Add in the bell pepper. Cover to keep in the moisture. Cook for 20 minutes, stirring frequently, and add olive oil as necessary to prevent burning.\n', 'Add the tomatoes and Herbes de Provence. If you donâ€™t have good garden tomatoes with flavour, add a small can of tomato paste. Stir well and cook for another 15 minutes.\n', 'Cut the eggplant into disks. Cut zucchini into disks.\n', 'Add the eggplant and zucchini to the pot.\n', 'Cook for about 30 minutes.\n', '\n']","['soup', 'french', 'side', 'vegetarian', 'tomato', 'eggplant', 'zucchini', 'bell pepper', 'onion', 'garlic', 'basil', 'thyme', 'parsley', 'olive oil', 'tomato paste', '80']"
14,"Granola
","10 min
","40 min
","5
","['3 cups Oats\n', '1/2 cup Olive Oil\n', '1/2 cup Maple Syrup\n', '1 cup Chopped Nuts (Almonds, Pumpkin Seeds, etc)\n', '1 tsp Ground Cloves\n', '1 tsp Ground Cardamom\n', '1 cup Dried Fruit (Apricots, Unsweetened Cranberries, Dates, etc)\n', '\n']","['Preheat oven to 315Â° F\n', 'In a large bowl, mix: Oats, Oil, Maple Syrup, Chopped Nuts and Spices\n', 'Cover two large baking sheets with parchment paper\n', 'Spread the mixture thinly and evenly on baking sheets, put in oven\n', 'Bake 15 minutes, take out of oven, stir, put back in oven (swap oven locations for even cooking)\n', 'Bake 15 minutes, take out of oven, stir, put back in oven (swap oven locations for even cooking)\n', 'Bake 10 minutes, take out of oven, do not stir (helps form clumps), let it cool\n', 'Coarsely chop Dried Fruit and mix in\n', 'Serve with yogurt, milk, fresh fruit, etc\n']","['breakfast', 'oats', 'olive oil', 'maple syrup', 'nuts', 'cloves', 'cardamom', 'dried fruit', '50']"
15,"Turkish-Style Spiced Chicken
","10 min
","30 min
","4
","['2 Chicken Breasts\n', '1 Tbsp Turkish Spice Blend\n', '1 oz Almonds, sliced\n', '3/4 cup Basmati Rice\n', '12 oz Sweet Potato\n', '2 oz Onion, chopped\n', '100 mL Greek Yogurt\n', '2 Tbsp Parsley\n', '1 Lemon\n', '1/2 tsp Garlic Salt\n', '1 1/2 cup Chicken Broth\n', '1 tsp Sugar\n', '\n']","['Cut sweet potatoes into 1/2 inch pieces. Combine and toss sweet potatoes, half the onions, half the garlic salt, and a tablespoon of oil. Lay to a baking sheet and roast on the middle rack of the oven, stirring halfway through until golden brown (12-22 mins).\n', 'While sweet potatoes roast, heat a medium pot over medium-high heat. When hot, add a tablespoon of oil and remaining onions. Cook, stirring often until fragrant (1 min). Add chicken broth and rice, cover, and bring to a boil over high heat. Once boiling, reduce heat to low and leave covered until rice is tender and liquid is absorbed (12-14 mins). Remove pot from heat, still covered.\n', 'While rice cooks, heat a large non-stick pan over medium heat. When hot, add almonds to the dry pan. Toast, stirring occasionally until golden brown (2-3 mins). When almonds are done, transfer to a plate and set aside.\n', 'While almonds toast, pat chicken dry with paper towel. Sprinkle with Turkish Spice blend and the remaining garlic salt. Season with pepper. With the pan used in the last step, increase heat to medium-high. Add a tablespoon of oil and the chicken. Pan-fry until golden brown (1-2 min per side). Transfer chicken to another baking sheet. Roast on the top rack of the oven until chicken is cooked through (10-12 mins).\n', 'While chicken roasts, zest and juice half the lemon. Cut remaining lemon into wedges. Roughly chop parsley. Add yogurt, half the parsley, sugar, lemon zest and juice to a small bowl. Season with salt and pepper, and whisk to combine.\n', 'Fluff rice with a fork, then stir in almonds and remaining parsley. Slice chicken. Divide rice between plates, then top with sweet potatoes and chicken. Spoon yogurt sauce over top. Squeeze over a lemon wedge, as desired.\n', '\n']","['dinner', 'lunch', 'turkish spice', 'almonds', 'basmati rice', 'sweet potato', 'onion', 'greek yogurt', 'parsley', 'lemon', 'garlic salt', 'chicken broth', 'sugar', '40']"
16,"Smoked Salmon Quiche
","60 min
","30 min
","6
","['1 3/4 cups Flour\n', '1 cup + 2 1/2 Tbsp Butter, divided\n', 'Up to 1/3 cup Water, chilled\n', '1/2 cup Onion, finely chopped\n', '14 ounces Smoked Salmon, chopped\n', '2 tsp Fresh Chives, chopped\n', '1 clove Garlic, chopped\n', '2 tsp Fresh Basil, chopped\n', '5 whole Eggs\n', '1 cup Milk\n', '1 cup Whipping Cream\n', '\n']","['Combine all pastry ingredients in a food processor (mix flour and butter, then add water gradually while mixing).\n', 'Gather into a ball, cover with plastic wrap and chill 1 hour.\n', 'Saute onion until shiny in the butter.\n', 'Stir in salmon, chives, garlic, and basil. Cool.\n', 'Preheat the oven to 400F.\n', 'Roll out the dough to fit a 10"" tart pan. Prick with a fork.\n', 'Arrange the salmon mixture in the pre-baked tart shell.\n', 'Whisk eggs with milk and cream, season with pepper and pour in the tart shell.\n', 'Bake about 30 minutes at 325F, until puffed and golden.\n', '\n']","['fish', 'eggs', 'french', 'dinner', 'flour', 'butter', 'onion', 'chives', 'garlic', 'basil', 'milk', 'whipping cream', '90']"
17,"Mexican Meat Loaf
","10 min
","60 min
","4
","['1 lb Lean Ground Beef\n', '1 cup Black Beans (canned), rinsed and drained\n', '1 cup Salsa, divided\n', '1/2 cup Corn (frozen)\n', '1/2 cup Bread Crumbs\n', 'Cooking Spray\n', '\n']","['In bowl, place all ingredients except spray and using 3/4 cup of the salsa - mix well.\n', 'Spray a loaf pan (approx. 5""x9""), and add above mix.\n', 'Bake for 50 to 60 minutes - sit 15 minutes.\n', 'Top with last 1/4 cup of salsa.\n', '\n']","['beef', 'traybake', 'southwest', 'american', 'dinner', 'ground beef', 'black beans', 'salsa', 'corn', 'bread crumbs', '70']"
18,"Greek Salad
","15 min
",None,"4-6
","['2 cup assorted Lettuce, chopped or torn\n', '4 whole Tomatoes, wedged or sliced\n', '1 whole Cucumber, seeded and sliced\n', '1 Bell Pepper, seeded and sliced\n', '1 small Onion, sliced\n', '1/2 cup pitted Black Olives (preferably brine-cured), coarsely chopped\n', '3/5 cup Feta Cheese, crumbled\n', '6 Tbsp Olive Oil\n', '1 tsp Red Wine Vinegar\n', '1/2 tsp Fresh Garlic, chopped\n', '1/2 tsp Oregano\n', '1/2 tsp dill weed\n', '1/4 cup Parsley, chopped\n', 'Salt and freshly ground Black Pepper\n', '2 Tbsp Lemon juice, fresh\n', '\n']","['Combine the lettuce, tomatoes, cucumber, onion, bell pepper, olives in a bowl.\n', 'In the small bowl, whisk together oil, vinegar, herbs, spices, and the lemon juice.\n', 'Drizzle dressing over the salad.\n', 'Sprinkle cheese over and serve.\n', '\n']","['mediterranean', 'tomato', 'quick', 'fast', 'lunch', 'vegetarian', 'lettuce', 'tomato', 'cucumber', 'bell pepper', 'onion', 'black olives', 'feta cheese', 'red wine vinegar', 'garlic', 'oregano', 'dill weed', 'parsley', 'lemon juice', '15']"
19,"Risengrod
","~5 minutes
","40 minutes
","2
","['Water 3 dl\n', 'Pama porridge rice 180 g\n', 'Whole milk 1 liter\n', 'Salt 2 pinches\n', 'Sugar 4 tablespoons\n', 'Cinnamon 2 teaspoons\n', 'Butter 50 g\n', '\n']","['Bring water and rice to a boil in a deep pot. Boil the rice at steady heat and with active stirring for approximately 2 minutes.\n', 'Add milk and bring the concoction to a boil. Boil the pot at low heat, still with active stirring for approximately 10 minutes.\n', 'Put on lid and boil for approximately 30 minutes. Stir the pot often. If the porridge seems too thin, boil it for another 5-10 minutes.\n', 'Add salt.\n', 'Mix sugar and cinnamon to form cinnamon sugar in a bowl or container.\n', 'Serve warm with cinnamon sugar on top and a bit of butter in the middle.\n', 'Enjoy!\n']","['danish', 'christmas', 'dinner', 'pama porridge', 'milk', 'sugar', 'cinnamon', 'butter', '45']"
20,"Zaatar
",None,None,None,"['1 Cup Zaatar leaves (without the stalks), cleaned and dried.\n', '1 Cup sesame (optionally roasted).\n', '1 Cup Sumac.\n', '1 teaspoon salt.\n', 'Optional: citric acid salt, for extra kick if the Sumac wasnâ€™t enough for you.\n', '\n']","['Lightly roast the sesame in a wide pan until it get a golden brown color.\n', 'Wait for the sesame to completely cool down.\n', 'Mix everything together, starting from the Zaatar and sesame while adjusting the Sumac (optionally citric acid) and salt to taste.\n', 'Store in an airtight jar or container.\n']","['palestinian', 'lebanese', 'mediterranean', 'middle eastern', 'spice', 'zaatar leaves', 'sesame', 'sumac', 'citric acid salt']"
21,"Keto Coconut Bread
","10 min
","45 min
","12
","['6 Medium Eggs (or 5 Extra Large)\n', '1 Tbsp Coconut Oil\n', 'Â¾ cup Coconut Flour\n', '1 tsp Baking Powder\n', 'Pinch of Salt\n', 'Â½ tsp or less of Xanthan Gum (optional, to have a more stick bread)\n', '\n']","['Mix all dry ingredients in a big bowl.\n', 'Add the whole eggs and the coconut oil.\n', 'Mix well with a spoon until it gets thick. You can add extra coconut flour if you feel it is too liquid.\n', 'Pre-heat your oven to 350Â°F (175Â°C).\n', 'Pour the dough evenly into a Bread/Loaf form (coated with butter or parchment paper) and cook for 35 to 45 min.\n', 'After cooking, remove it from the oven and let it sits while it cools down.\n', 'Some variations can be done, like using butter instead of coconut oil or adding pumpkin pure to the mix and having a cake-like texture.\n', '\n']","['baked', 'bariatric', 'egg', 'coconut oil', 'coconut flour', 'baking powder', 'xanthan gum', '55']"
22,"Spiced Apple Pancakes
","15 min
","10 min
","8 pancakes
","['1 cup flour\n', '1 large apple, peeled\n', '1 tbsp sugar\n', '1 tbsp cinnamon (or more to taste)\n', '1/2 tsp baking powder\n', '1 tsp vanilla extract\n', '2/3 cup milk\n', '1 egg\n', '\n']","['In a medium bowl, combine flour, sugar, cinnamon, baking powder, and 1 pinch of salt.\n', 'Separate the egg yolk and egg white. Add the egg yolk to the dry ingredients.\n', 'Whisk the egg white until foamy.\n', 'Slice the peeled apple into thin strips. Alternatively, grate the apple.\n', 'Combine dry ingredients, apple, vanilla extract, egg white, and milk into a homogenous batter.\n', 'To a large pan, add 1 tbsp butter. Add the batter (about 3 tbsp per pancake) and cook for 2 min per side on medium-high heat.\n']","['german', 'breakfast', 'quick', 'fast', 'flour', 'sugar', 'cinnamon', 'baking powder', 'vanilla extract', 'milk', 'egg', '25']"
23,"Galinha Caipira
","30 min
","2h 30min
","5
","['A whole ckicken weighing close to 2,5kg (roughly 3 pounds). Avoid industrially grown birds, as those can make the stew very greasy and flavorless.\n', 'A cup of diced onions of any kind.\n', 'Half a cup of diced chives.\n', 'A tablespoon of lard.\n', 'A full kettle of boiled water.\n', '\n']","['Cut the chicken into pieces. Remove offal or small bones, if you want. Salt and pepper to taste now.\n', 'In a pan (best if cast iron), add the lard and heat it up very well.\n', 'Add the chicken and lower the heat.\n', 'After the meat sears, add the diced onions.\n', 'When the onions brown, cover the pot with boiling water, and let it simmer for two hours. If it dries, add more water.\n', 'After those two hours, add the diced chives and simmer it for more thirty minutes.\n', '\n']","['chicken', 'stew', 'brazilian', 'dinner', 'onion', 'chives', 'lard', '180']"
24,"Exotic Ginger Cumin Chicken
","15 min
","20 min
","8
","['1 Tbsp Vegetable Oil, divided\n', '2 lbs Boneless Skinless Chicken, cut bite-size\n', '2 tsp Garlic, minced\n', '1/2 cup Onion, chopped\n', '1 Tbsp Ginger Root, minced\n', '1/2 tsp Cayenne Pepper\n', '1 tsp Cumin\n', '1 tsp Turmeric\n', '1/2 cup Chicken Stock\n', '1 can (19oz) Stewed Tomatoes\n', '2 Tbsp Tomato Paste\n', '1 tsp Sugar\n', '3/4 cup Low Fat Plain Yogurt\n', '\n']","['In large saucepan heat 2 tsp oil over medium heat.  Add half of the chicken and cook 3 minutes until brown. Remove from pan and set aside. Repeat with remaining chicken.\n', 'Add remaining oil to pan; add garlic, onion, and ginger. Reduce heat to medium and cook, stirring constantly for 5 minutes or until soft.  Stir in cayenne, cumin, and turmeric; saute for 1 minute.\n', 'Stir in stock, tomatoes, tomato paste, and sugar; return chicken to pan. Bring to boil; reduce heat and simmer 5 minutes.\n', 'Stir in yogurt and simmer 2 minutes.\n', '\n']","['quick', 'fast', 'lunch', 'dinner', 'garlic', 'onion', 'cayenne', 'turmeric', 'chicken stock', 'stewed tomato', 'tomato paste', 'sugar', 'yogurt', '25']"
25,"Zurich-Style Meat Saute
","15 min
","15 min
","4
","['600g\tBeef, finely sliced\n', '250g\tMushrooms, finely sliced\n', '1\tOnion\n', '1 tbsp Flour\n', '200ml\tWhite whine\n', '200ml Cream\n', '1 tbsp chopped parsley\n', '\n']","['Fry the meat in butter at high heat until it starts loosing liquid.\n', 'Take the meat out of the pan and set aside.\n', 'Saute the onions.\n', 'Add the mushrooms, saute, then add a tbsp of flour and mix well. The flour\n', 'will make the sauce thicker, so use carfully.\n', 'Add the white wine and let it boil for a few minutes.\n', 'Add cream, boil until the sauce is very creamy.\n', 'Add the meat, boil until the meat is warm.\n', 'Add parsley, and serve.\n', '\n', 'Serve with RÃ¶sti or other traditional Swiss dish.\n']","['beef', 'cream', 'swiss', 'quick', 'fast', 'dinner', 'mushrooms', 'onion', 'flour', 'white wine', 'cream', 'parsley', '30']"
26,"Winter Risotto
","15 min
","40 min
","4
","['3/4 cup Arborio Rice\n', '1 cup Baby Spinach\n', '2 Garlic Cloves\n', '4 1/2 cup Vegetable Broth\n', '1/4 cup Parmesan Cheese, shredded\n', '1/2 lb Baby Tomatoes\n', '1 Tbsp White Wine Vinegar\n', '1/4 cup Walnuts, chopped\n', '1/2 cup Leek, sliced\n', '1 cup Mushrooms\n', '3 Tbsp Unsalted Butter\n', '\n']","['Combine vegetable broth in a medium pot. Cover and bring to a gentle boil over medium heat. While broth comes to a boil, peel and mince/grate the garlic. Roughly chop the spinach. Thinly slice mushrooms.\n', 'Heat a large non-stick pan over medium heat. When hot, add the butter, onions, leeks, and mushrooms. Season with salt. Cook, stirring occasionally, until softened (2-3 mins). Add rice, garlic, and vinegar. Cook, stirring constantly until fragrant (1-2 min).\n', 'Add 1 cup broth from the medium pot to the pan with rice. Stir until broth has been absorbed by rice. Continue adding broth 1 cup at a time, stirring regularly, until liquid is absorbed, the texture is creamy and the rice is tender (28-30 mins).\n', 'While risotto cooks, add tomatoes and a tablespoon of oil to a parchment-lined baking sheet. Season with salt and pepper, then toss to coat. Roast on the middle rack of the oven until tomatoes start to burst (10-11 mins).\n', 'When the last cup of broth has been absorbed and rice is tender and creamy, add Parmesan and spinach to risotto. Stir until spinach wilts (3-4 mins). Stir in roasted tomatoes. Divide risotto between bowls. Sprinkle walnuts over top.\n', '\n']","['mushrooms', 'rice', 'italian', 'dinner', 'arborio rice', 'baby spinach', 'garlic', 'vegetable broth', 'parmesan cheese', 'baby tomatoes', 'white wine vinegar', 'walnuts', 'leek', 'butter', '55']"
27,"Beef and Broccoli
","15 min
","20 min
","3
","['1/2 lb Beef, cut into strips\n', '2 Tbsp Vegetable Oil\n', '1 Tbsp Ginger, minced\n', '2 cloves Garlic, minced\n', '1 cup Carrots, sliced\n', 'Snow Peas\n', 'Bean Sprouts\n', '1 cup Broccoli Pieces\n', '1/2 cup Beef Bouillon\n', '1 Tbsp Corn starch\n', '1 Tbsp Soy Sauce\n', '\n']","['Heat oil, add beef and stir-fry until meat is browned and push to sides of pan.\n', 'Add broccoli and carrots. Cover and steam vegetables until they are only slightly crunchy.\n', 'Remove vegetables to a bowl. Add bouillon, salt and pepper to meat.\n', 'Combine corn starch, 2 Tbsp water, and soy sauce. Add to meat to thicken sauce.\n', 'Add vegetables and heat. Serve over rice.\n', '\n']","['asian', 'rice', 'lunch', 'dinner', 'vegetable oil', 'ginger', 'garlic', 'carrot', 'snow peas', 'bean sprouts', 'broccoli', 'beef bouillon', 'corn starch', 'soy sauce', '35']"
28,"Fall Vegetable and Chickpea Curry
","15 min
","25 min
","4
","['1 Tbsp Butter\n', '1 Onion, chopped\n', '2 Tbsp Thai Red Curry Paste\n', '1 Tbsp Ginger, minced\n', '1 large Sweet Potato, peeled and cut into half-inch chunks\n', '1 small Zucchini, cut into half-inch chunks\n', '1 Red Pepper, cut into half-inch pieces\n', '28 oz can Chickpeas, rinsed and drained\n', '1 Lime\n', '3 Tbsp Wheat Flour\n', '1 1/2 cup Milk\n', '1/2 cup Fresh Coriander, chopped\n', '\n']","['In a large non-stick frying pan, heat butter over medium-high heat. Cook onion, stirring (2 mins). Add curry paste and ginger. Cook, stirring (1 min).\n', 'Add sweet potato, zucchini, red pepper, salt, and half a cup of water. Stir. Cook covered, stirring occasionally until vegetables soften (10 mins). Add chickpeas and finely grated zest and juice from lime. Stir frequently until vegetables are tender and liquid has evaporated (5 mins).\n', 'Whisk flour into milk. Gradually stir into pan. Bring to a simmer, stirring constantly. Reduce heat to medium heat for a simmer, stirring occasionally (5 mins).\n', 'Stir in coriander and salt if needed.\n', '\n']","['fasting', 'lunch', 'dinner', 'butter', 'onion', 'red curry paste', 'ginger', 'sweet potato', 'zucchini', 'red pepper', 'lime', 'wheat flour', 'milk', 'coriander', '35']"
29,"Tabouleh
","15 min
","30 min
","12
","['2 cups Cracked Wheat (bulghur)\n', '2 cups Very Hot Water (or as directed)\n', '1 Cucumber, chopped\n', '2 small Tomatoes, chopped\n', '1 bunch Green Onions, sliced\n', '1/2 cup Mint (fresh), chopped\n', '2 cup Parsley (fresh), chopped\n', '1 clove Garlic, minced\n', '1/2 cup Lemon Juice (fresh)\n', '3/4 cup Olive Oil\n', '1 Tbsp Pepper\n', '2 tsp Salt\n', '\n']","['Soak the cracked wheat in the hot water until the water is absorbed, about 30 minutes.\n', 'Drain any excess water, if necessary, and squeeze dry.\n', 'Combine the salad ingredients (all but the oil, lemon juice, salt and pepper dressing ingredients) in a medium bowl.\n', 'Mix the dressing ingredients together and stir into the salad mix\n', 'Serve chilled or at room temperature.\n', '\n']","['salad', 'mediterranean', 'side', 'lunch', 'bulghur', 'cucumber', 'small tomatoes', 'green onions', 'mint', 'parsley', 'garlic', 'lemon juice', '45']"
30,"Spicy Kung Pao-Style Chicken
","10 min
","20 min
","2
","['4 Chicken Thighs\n', '3/4 cup Basmati Rice\n', '4 Tbsp All-Purpose Flour\n', '2 small Sweet Peppers, chopped\n', '3 ribs Celery\n', '2 cloves Garlic\n', '1 Tbsp Ginger, minced\n', '2 whole Green Onions, thinly sliced\n', '2 Tbsp Chili Garlic Sauce, divided\n', '2 Tbsp Soy Sauce\n', '2 Tbsp Sweet Chili Sauce\n', '1/4 cup Peanuts, chopped\n', 'Oil\n', '\n']","['Heat a medium pot over medium heat. Add 1/2 Tbsp oil, ginger and rice. Cook, stirring often, until fragrant (1 min). Add 1 1/4 cups water and bring to a boil over high heat. Reduce heat and cover until rice is tender and liquid is absorbed (12-14 mins). Remove the pot from heat, leave covered.\n', 'While rice cooks, cut celery crosswise into 1/4"" slices. Whisk together soy sauce, sweet chili sauce, 1/3 cup water, and half the chili garlic sauce in a medium bowl. Combine flour and 1/4 tsp each of salt and pepper in another medium bowl.\n', 'Heat a large non-stick pan over medium heat. Add peanuts to the dry pan. Toast, stirring often, until golden brown (4-5 mins). Transfer to a plate and heat the same pan over medium-high. Add 1/2 Tbsp oil, peppers, and celery. Cook, stirring often until fragrant (1 min). Transfer veggies to another plate.\n', 'Pat chicken dry and cut into 1"" pieces. Add chicken to flour mixture, then toss to coat. Press flour mixture into chicken to coat completely. Heat the same non-stick pan over medium and add oil, then chicken. Cook, turning pieces occasionally, until golden brown and cooked through (6-8 mins).\n', 'Add veggies and sauce mixture to the pan with chicken. Cook, stirring occasionally, until sauce thickens slightly (2-3 mins).\n', 'Fluff rice with fork. Stir in half the green onions and season with salt. Divide rice between plates. Top with chicken, veggies, and sauce. Sprinkle peanuts and remaining green onions over top.\n', '\n']","['rice', 'asian', 'quick', 'fast', 'dinner', 'basmati rice', 'flour', 'sweet peppers', 'celery', 'garlic', 'ginger', 'green onion', 'chili garlic sauce', 'soy sauce', 'sweet chili sauce', 'peanuts', '30']"
31,"Spinach-Rice Casserole
","10 min
","40 min
","6
","['4 cups Brown Rice, cooked\n', '2 lbs raw Spinach, chopped\n', '1 cup Onion, chopped\n', '2 cloves Garlic, minced\n', '3 Tbsp Butter\n', '4 Eggs, beaten\n', '1 cup Milk\n', '1 1/2 cups Cheddar, grated\n', '1/4 cup Parsley, chopped\n', '2 Tbsp Tamari\n', '1/2 tsp Salt (or more, to taste)\n', '1/4 cup Sunflower Seeds\n', 'A few dashes each - Nutmeg; Cayenne; Paprika\n', '\n']","['Saute onions and garlic with salt in butter.  When onions are soft, add spinach. Cook 2 minutes.\n', 'Combine with all ingredients except sunflower seeds and paprika.\n', 'Spread into buttered casserole dish and sprinkle sunflower seeds and paprika on top.\n', 'Bake, covered, 35 minutes at 350F.\n', '\n']","['dinner', 'brown rice', 'onion', 'garlic', 'butter', 'egg', 'milk', 'cheddar', 'parsley', 'tamari', 'sunflower seeds', 'nutmeg', 'cayenne', 'paprika', '50']"
32,"Red Lentil Dahl
","10 min
","50 min
","6
","['3 Tbsp Olive Oil\n', '1 medium Yellow Onion\n', '1 Tbsp Fresh Ginger, grated\n', '4 Garlic Cloves, minced\n', '2 Tbsp Yellow Curry (mild madras)\n', '1 tsp Sea Salt\n', '1 cup dried Red Lentils\n', '4 - 5 cups Water\n', '5 Plum Tomatoes, chopped\n', 'juice of 1 Lemon\n', '1 cup Fresh Cilantro, chopped and lightly packed\n', 'Dried Red Chiliâ€™s or cayenne pepper, to taste\n', '1/4 tsp Ground Cinnamon\n', '\n']","['Heat oil in a soup pot and saute onions for 5 minutes.\n', 'Add garlic and ginger and saute 5 more minutes.\n', 'Add spices and salt, saute 5 minutes more.\n', 'Add 4 cups of water and stir.  Add tomatoes and lentils. Bring to a boil and then lower the heat a bit and simmer for 20 minutes.\n', 'Add the lemon juice and cilantro and more water if itâ€™s too thick.  Simmer 10 more minutes, or until lentils are completely tender. This may take a while.\n', '\n']","['indian', 'curry', 'tomato', 'vegetables', 'dinner', 'vegetarian', 'vegan', 'onion', 'ginger', 'garlic', 'mild madras', 'plum tomatoes', 'lemon juice', 'cilantro', 'dried red chili', 'cayenne', 'cinnamon', '60']"
33,"Cheddar-Crusted Chicken
","10 min
","20 min
","2
","['2 Chicken Breasts\n', '2 Tbsp Mayonnaise\n', '1/4 cup Panko Breadcrumbs\n', '1/4 cup Cheddar Cheese, shredded\n', '1 Tbsp Smoked Paprika-Garlic Blend\n', '\n']","['Combine panko, cheese, and smoked paprika-garlic blend in a shallow dish. Preheat oven to 425F.\n', 'Pat chicken dry with paper towel. Carefully slice into the centre of each chicken breast lengthwise and parallel to the cutting board - leaving 1/2 inch intact on the other end. Open up chicken like a book, and season both sides with salt and pepper.\n', 'Coat one side of each chicken breast with mayo. Firmly press mayo-coated side into panko mixture to adhere, one at a time.\n', 'Transfer chicken to a parchment-lined baking sheet, coated-side up. Bake chicken on the middle oven rack until cooked through (18-20 mins).\n', '\n']","['quick', 'fast', 'dinner', 'lunch', 'mayonnaise', 'panko breadcrumbs', 'cheese', 'smoked paprika-garlic blend', '30']"
34,"Ham and Lentil Soup
","5 min
","8 hour
","6
","['2 cup Lentils\n', '1/2 lb Ham, diced\n', '1 Onion, chopped\n', '1 Bay leaf\n', '2 ribs Celery, chopped\n', '1 clove Garlic, minced\n', '\n']","['Combine all ingredients with 2 quarts water in the Crock Pot.\n', 'Cook on low, covered, 8 to 10 hours.\n', 'Adjust seasonings and serve.\n', '\n']","['pork', 'soup', 'easy', 'dinner', 'onion', 'bay leaf', 'celery', 'garlic', '485']"
35,"Kombucha
",None,None,None,"['5l (1 gallon) jar\n', '3-5 tbsp black (or green) tea\n', '2 cups sugar\n', 'kombucha scoby\n', 'optional additional teas\n', 'optional juices, fruits, spices\n', 'patience ;)\n', '\n']","['\n', 'Boil 1-2l of water.\n', 'Rinse all the dishes you will be working with boiling water; this is\n', 'important so the brew doesnâ€™t go bad while fermenting.\n', 'Steep 3-5 tbsp (or 5-6 bags) of tee in 3-5 cups of water.\n', 'Strain the leaves from the tea and add 2 cups of sugar (or honey).\n', 'Add other optional teas to your liking; I like to add a good handful of\n', 'rosella tea; steep and strain this in boiling water separately.\n', 'Add 4l of water to the tea concentrate and pour into a wide mouthed jar.\n', 'Let the tea sit until it is less than 40Â°C; add ice cubes if it has to go\n', 'quick.\n', 'Add your scoby to the jar and seal the mouth tightly with a cloth or paper\n', 'towel and a rubber band. The scoby has to breathe, but you want to prevent\n', 'insects and dirt from getting into the jar.\n', 'Let the jar sit in a warm dark spot for 10-14 days.\n', '\n', 'Second brew:\n', '\n', 'Taste the brew after 10-14 days; if it has started to carbonate and the\n', 'sugar is mostly gone, it is ready. The brewing time will strongly depend on\n', 'your personal preference, shorten or lengthen as you wish.\n', 'Once ready, strain 4/5 of the brew through a sieve into re-sealable glass\n', 'bottles.\n', 'Make another batch of primary brew and refill the big jar; the remaining old\n', 'brew will act as a starter. Rinse the jar and remove parts of the scoby once\n', 'in a while.\n', 'If you wish you can add juices, fruits, or spices to your brew. These will\n', 'partially ferment and add a special character to your kombucha. One nice\n', 'addition is apple and cinnamon mixed in with green tea.\n', 'Let the bottles sit in a warm dark spot for another 3-14 days; the\n', 'carbonation process will continue, so make sure to release pressure from the\n', 'bottles every other day.\n', 'When you are satisfied with the carbonation and the flavor, put the bottles\n', 'in the fridge. Here you can store them for weeks at a time.\n', 'Enjoy your kombucha, rinse, and repeat.\n', '\n']","['drink', 'sweet', 'jar', 'black tea', 'green tea', 'sugar', 'kombucha scoby', 'long', 'days']"
36,"Tunisian Couscous
","20 min
","1 hr 40 min
","6
","['2 lb lamb stew meat , cut into large pieces\n', '6 cups couscous fine semolina (or medium)\n', '2 onions , finely chopped\n', '2 cloves garlic , pressed\n', '4 tablespoons tomato paste\n', '2 tablespoons harissa\n', '2 tablespoons ground caraway\n', '1 tablespoon ground coriander\n', '1 teaspoon chili powder\n', '4 turnips , cut in half\n', '6 medium carrots , peeled\n', '4 zucchini , peeled lengthwise, alternately leaving a layer of skin\n', '6 small potatoes , peeled\n', '10 oz. chickpeas (canned)\n', '4 green hot peppers , fried in oil (optional)\n', 'Vegetable oil\n', 'Salt\n', 'Pepper\n', '\n', 'Equipment\n', '\n', 'Tajine pot\n', '\n']","['Add ½ cup (120ml) of oil into a large pan. Fry the onion over medium heat for 2 minutes.\n', 'Add the garlic, tomato paste and harissa and continue frying for 2 minutes.\n', 'Add the caraway, coriander, and chili powder. Mix and continue cooking for another 2 minutes.\n', 'Add the lamb meat and mix well so that the pieces are covered with the sauce. Cook for 5 minutes stirring regularly.\n', 'Cover with water. Add the turnips and carrots, and cook on low/medium heat for 45 minutes.\n', 'Meanwhile, prepare the couscous semolina as indicated on the package, with boiling water, salt, and oil.\n', 'After 45 minutes, add the zucchini, potatoes and chickpeas.\n', 'Cook for at least another 30 to 40 minutes over low to medium heat. Monitor the cooking of the vegetables. If some vegetables are cooked before the meat, remove them from the pan and place them on a serving platter. Proceed in the same way with all the vegetables to prevent them from cooking too much.\n', '10 minutes before the end of cooking, get a few ladles of broth (one at a time) and wet the couscous semolina. Mix the semolina well after each ladle until it gets moistened enough.\n', 'Arrange the semolina in a tajine pot. Decorate the dish with the vegetables and the meat all around. Garnish with fried green hot peppers (optional).\n']","['tajine pot', 'dinner', 'lamb', 'semolina', 'onions', 'garlic', 'tomato paste', 'harissa', 'caraway', 'coriander', 'chili powder', 'turnip', 'carrot', 'zucchini', 'potato', 'chickpeas', 'green hot peppers', '120']"
37,"Grostoli
","30 min
","10 min
","A batch like this will last for two days in a family of four
","['A cup of sugar\n', '800g of flour\n', 'A tablespoon of baking powder\n', 'A pinch of salt\n', '4 eggs\n', '3 tablespoons of lard or butter.\n', '4 tablespoons of a 40% a.b.v. spirit. CachaÃ§a is the main one, Rum or Grappa will do.\n', 'A cup of milk.\n', '\n']","['Add sugar, flour, baking powder, salt and mix all these dry ingredients.\n', 'Add eggs, grease, liquor, milk and mix it.\n', 'Knead it in a table until it is homogenous.\n', 'Divide the dough into smaller pieces and roll them with a pin on the table.\n', 'Sprinkle the flour and finally, cut the dough into rectangles.\n', 'Make a vertical cut in the middle, and twist the sides.\n', 'Fry it in lard until it browns and sprinkle it on sugar and cinnamon.\n', '\n']","['fry', 'italian', 'brazilian', 'pastry', 'dessert', 'sugar', 'flour', 'baking powder', 'egg', 'lard', 'butter', 'spirit', 'cachaca', 'rum', 'grappa', 'milk', '40']"
38,"One-Pot Chicken Tetrazzini
","20 min
","20 min
","5
","['3 Tbsp Butter\n', '8 oz Mushrooms, sliced\n', '1 small Red Pepper, chopped\n', '1 small Onion, finely chopped\n', '1 clove Garlic, minced\n', '3 Tbsp All-Purpose Flour\n', '4 cups Milk\n', '2 Tbsp Worcestershire Sauce\n', '8 oz Extra Broad Egg Noodles\n', '5 oz Boursin Garlic and Fine Herbs\n', '3 cup Deli Chicken, cooked and cut into bite-size pieces\n', '1/2 cup Frozen Peas\n', '1/2 cup Fresh Parsley, chopped\n', 'Small Fresh Basil Leaves (optional)\n', 'Parmesan, grated\n', '\n']","['Melt butter in a large saucepan over medium-high heat. Add mushrooms, red pepper, onion and garlic; cook, stirring about 5 minutes until tender.\n', 'Sprinkle with flour and stir. Gradually whisk in milk then Worcestershire, salt and pepper. Stirring occasionally, bring to a boil.\n', 'Add noodles, reduce heat to a low boil. Stirring constantly and around edges of pan, cook until pasta is tender, about 7 minutes.\n', 'Stir in chunks of Boursin, then chicken, peas, and parsley, stirring until chicken is hot and Boursin is melted. Serve sprinkled with basil and Parmesan.\n', '\n']","['pasta', 'italian', 'dinner', 'butter', 'mushroom', 'red pepper', 'onion', 'garlic', 'flour', 'milk', 'worcestershire', 'egg noodles', 'boursin garlic and herbs', 'peas', 'parsley', 'basil leaves', 'parmesan', '40']"
39,"Three Bean Salad
","10 min
",None,"8
","['1/3 cup Salad Oil (olive oil, canola, or sunflower)\n', '1/2 cup Cider Vinegar\n', '1 tsp Salt\n', '1/2 tsp Pepper\n', '1/4 cup Sugar\n', '1/2 tsp Celery Seed\n', '1 can Cut Green Beans\n', '1 can Cut Waxed Beans\n', '1 can Red Kidney Beans\n', '1 Carrot, thinly sliced\n', '1 small Onion, chopped\n', '1 Bell Pepper\n', '\n']","['Put dressing ingredients in a large salad bowl an whisk until blended.\n', 'Empty cans of beans into a colander and rinse under cold water.\n', 'Chop remaining vegetables and add to dressing.  Add beans and gently stir.\n', 'Refrigerate for at least an hour before serving, stirring occasionally.\n', '\n']","['american', 'fasting', 'quick', 'fast', 'vegetarian', 'lunch', 'side', 'cider vinegar', 'sugar', 'celery seed', 'green beans', 'waxed beans', 'red kidney beans', 'carrot', 'onion', 'bell pepper', '10']"
40,"Smoked Salmon Pasta Primavera
","20 min
","15 min
","4
","['12 oz Linguine\n', '1/2 lb Asparagus, cut into 2"" pieces\n', '1/4 lb Green Beans, halved\n', '1 cup Sugar Snap Peas, trimmed\n', '1/2 cup Frozen Edamame or Peas\n', '1 Tbsp Butter\n', '1 small Onion, minced\n', '2 cloves Garlic, minced\n', '3 Tbsp All-Purpose Flour\n', '2 1/2 cup Milk\n', '1/3 lb Smoked Salmon, cut into wide strips\n', '1/2 cup Fresh Mint, coarsely chopped\n', '1/2 Lemon\n', '\n']","['In a large pot of boiling salted water, cook linguine 10 min or until al dente, adding asparagus, beans, and sugar snap peas during the last 3 minutes of cooking and edamame during the last minute. Drain very well.\n', 'Meanwhile in large saucepan, melt butter over medium heat. Add onion and garlic; cook, stirring 3 minutes. Stir in flour. Very gradually whisk in milk until smooth and stir often until mixture boils and has thickened (5 mins).\n', 'Add pasta mixture, stirring until hot. Stir in salmon and mint just until mixed. Squeeze juice from lemon into pasta and stir.\n', '\n']","['fish', 'dinner', 'linguine', 'asparagus', 'green beans', 'sugar snap peas', 'edamame', 'peas', 'butter', 'onion', 'garlic', 'flour', 'milk', 'smoked salmon', 'mint', 'lemon', '35']"
41,"Gypsy Soup
","40 min
","30 min
","4
","['3 Tbsp Olive Oil\n', '2 cup Chopped Onion\n', '2 cloves Chopped Garlic\n', '2 cup Sweet Potatoes, chopped and peeled\n', '1/2 cup Chopped Celery\n', '1 cup Chopped Fresh Tomatoes\n', '3/4 cup Chopped Sweet Peppers\n', '1-1/2 cup Cooked Chickpeas\n', '3 cup Stock or Water\n', '2 tsp Paprika\n', '1 tsp Turmeric\n', '1 tsp Basil\n', '1 tsp Salt\n', 'dash Cinnamon\n', 'dash Cayenne\n', '1 Bay Leaf\n', '1 Tbsp Tamari Soy Sauce\n', '\n']","['In a soup kettle or large saucepan, saute onions garlic, celery, and sweet potatoes in olive oil for about five minutes.\n', 'Add seasonings, except tamari, and the stock/water. Simmer covered, for fifteen minutes.\n', 'Add remaining vegetables, chickpeas, and tamari.\n', 'Simmer another 10 minutes or so - until all the vegetables are as tender as you like them.\n', '\n']","['fasting', 'tomato', 'vegetarian', 'onion', 'garlic', 'sweet potato', 'celery', 'tomato', 'sweet pepper', 'chickpeas', 'stock', 'paprika', 'turmeric', 'basil', 'cinnamon', 'cayenne', 'bay leaf', 'tamari soy sauce', '70']"
42,"Grilled Mackerel with Miso Soup and Squash
","45 min
","15 min
","2
","['2 Norwegian Mackerel Fillets\n', '1 tbsp Sake\n', '2 tbsp Miso paste\n', '1/2 Onion\n', '1 Summer Squash\n', '1 tbsp butter\n', '1 cup Jasmine Rice (optional)\n', 'Soy Sauce (optional)\n', '\n']","['Place the mackerel fillets in a small container at room temperature. Pour sake on both sides of the fillets and let rest in the container, covered, for 30 min.\n', 'Cut onion into large slices.\n', 'To a saucepan, add two cups of water, sliced onions, and miso paste. Whisk the solution until the miso paste is fully dissolved.\n', 'Bring to a boil. Let the miso soup boil for about 10-15 min, then bring to a simmer.\n', 'While the miso boils, peel the summer squash. Cut squash into 1/4 in half moons.\n', 'In a large pan, melt 1 tbsp butter at medium-high heat.\n', 'Grill squash in the pan for 5-10 min, until both sides of the squash are golden brown. Add salt and pepper to taste.\n', 'Push squash one side of the pan.\n', 'Season each fillet with about 1 tsp of salt.\n', 'Place the fillets in the pan with the squash. Grill each side of the mackerel for about 4 min.\n', 'Serve with rice and soy sauce.\n']","['fish', 'japanese', 'dinner', 'norwegian mackeral', 'sake', 'miso paste', 'onion', 'butter', 'jasmine rice', 'soy sauce', '60']"
43,"Colcannon Bake
","20 min
","70 min
","6
","['3 Potatoes, peeled and quartered\n', '7 Tbsp Butter, cut into small chunks\n', '1/2 cup Sour Cream\n', '1 Egg\n', '1 Tbsp Milk\n', '3 cup Cabbage, shredded\n', '2 Leeks, chopped\n', '1 small Onion, chopped\n', '2 cubes Chicken Bouillon\n', '1/2 cup Cheddar Cheese, shredded\n', '\n']","['Place the potatoes into a large pot and cover with salted water. Bring to a boil, then reduce heat to medium-low, cover and simmer until tender, about 20 minutes. Drain and allow to steam dry for a minute or two. Season the potatoes with salt, and mash with 6 Tbsp of the butter, the sour cream, egg, and milk.\n', 'Preheat oven to 350F. Grease a 2-quart casserole dish.\n', 'Heat the remaining butter in a skillet over medium heat. Stir in the cabbage, leeks, and onion until the cabbage is tender and the onion is translucent (10 mins).\n', 'Crush the bouillon cubes into the cabbage mixture, and stir to blend and dissolve the cubes. Stir the cabbage mixture into the potato mixture until thoroughly mixed, and spoon into the prepared casserole dish.\n', 'Bake in the preheated oven for 40 minutes, top with cheddar cheese, and return to oven until the cheese melts (10 mins).\n', '\n']","['cheesefare', 'potato', 'irish', 'side', 'butter', 'sour cream', 'egg', 'milk', 'cabbage', 'leek', 'onion', 'chicken bouillon', 'cheddar cheese', '90']"
44,"Turmeric Flatbread
","20 min
","10 min
","4
","['1 cup Wheat Flour (white or whole)\n', '1/2 Tbsp Ground Turmeric\n', '1/2 tsp Kosher Salt\n', '1/4 tsp Baking Powder\n', '2 Tbsp Olive Oil\n', '\n']","['Combine flour, turmeric, salt and baking powder.\n', 'Stir in 1/3 cup water and the olive oil.\n', 'Knead until smooth (1-2 min). Cover and set aside 15 minutes.\n', 'Cut the dough into 4 pieces; flatten each into a 6-inch round.\n', 'Cook one at a time in an oiled skillet over medium-high heat, flip when browned (2 mins).\n', '\n']","['bread', 'turkish', 'quick', 'fast', 'flour', 'kosher salt', 'baking powder', '30']"
45,"Chipolata Sausage in Balsamic Vinegar
","5 min
","60 min
","4
","['12 chipolata sausages\n', '4 red onions\n', '500g of cherry tomatoes (preferably mixed species)\n', '4 garlic cloves\n', 'Fresh basil leaves\n', 'Black balsamic vinegar\n', '1 loaf of ciabatta bread\n', '\n']","['Pre-heat the oven to 200c (400f)\n', 'Put the chipolata sausages in an oven dish\n', 'Cut 4 red onions into quarters spread them out in the oven dish.\n', 'Mince 2 of the garlic cloves and add them to the oven dish.\n', 'Add the 2 remaining garlic cloves to the oven dish, This can be done with the skin to create a garlic spread for the bread.\n', 'Add 3 tablespoons of oil to the oven dish and toss to cover everything in oil\n', 'Put the dish in the oven for 30 minutes. Toss everything around at 15 minutes to ensure even baking.\n', 'Cut half of the cherry tomatos in half keep the other half intact.\n', 'After 30 minutes take the dish out of the oven.\n', 'Add all the tomatoes to the oven dish.\n', 'Add 3 tablespoons of balsamic vinegar to the oven dish.\n', 'Put the dish back into the oven for another 30 minutes at 200c (400f)\n', 'After 30 minutes take the dish out of the oven and reheat the oven as per instructions on the ciabatta bread.\n', 'Tear the fresh basil leaves and add to the oven dish. Let it rest while you wait for the bread.\n', 'Take the bread out of the oven and serve along with the oven dish. Bread can be used to dip in the oven dish.\n']","['beef', 'oven', 'italian', 'onion', 'cherry tomato', 'garlic', 'basil', 'ciabatta bread', '65']"
46,"Shrimp and Chicken Jambalaya
","20 min
","40 min
",None,"['1/4 tsp Cayenne\n', '3/4 tsp White Pepper\n', '1 tsp Kosher Salt\n', '1/4 tsp Thyme\n', '1/2 tsp Rubbed Sage\n', '1/4 tsp Dried Basil\n', '1/2 tsp Black Pepper\n', '1 Tbsp Unsalted Butter\n', '1/2 cup Diced Andouille (or Chirozo sausage)\n', '1/2 cup Diced Onion\n', '1/2 cup Diced Bell Pepper\n', '1/2 cup Diced Celery\n', '1/2 cup Diced Fresh Tomatoes\n', '1/2 cup Tomato Sauce\n', '3/4 cup Enriched Long Grain Rice\n', '1-1/4 cup Chicken Stock\n', '1 Tbsp Worcestershire Sauce\n', '2 Tbsp Minced Fresh Garlic\n', '1/2 cup Diced Chicken (cooked or raw)\n', '1-1/2 cup Medium Shrimp\n', '1 Tbsp Finely Chopped Italian Parsley\n', '3 Tbsp Finely Sliced Green Onions\n', '\n']","['Preheat the oven to 350 degrees F. Mix together the seasoning mix (herbs, salt, pepper).\n', 'Mix together the Holy Trinity (onion, celery, bell pepper).\n', 'In a Cast Iron Durch Oven, melt the butter over medium heat, add the Andouille and cook until it starts to brown.\n', 'Add 1/2 of the Holy Trinity, cook until the vegetables are tender.\n', 'Add the diced tomatoes and cook for one minute. Add the tomato sauce and cook for another minute.\n', 'Add the rice and cook for 2 minutes, stirring constantly.\n', 'Add the stock, remaining Holy Trinity, seasoning mix, Worcestershire, and the garlic.\n', 'Taste the broth for seasoning, particularly salt.\n', 'Add the chicken, stir well and put the pot in the preheated oven. Bake uncovered for 25 minutes.\n', 'Stir in the raw shrimp, parsley, and green onions - place back into oven for another 10 minutes (or until the shrimp is cooked through).\n', '\n']","['cajun', 'tomato', 'dinner', 'cayenne', 'thyme', 'sage', 'basil', 'andouille', 'chorizo', 'onion', 'bell pepper', 'celery', 'tomato sauce', 'rice', 'chicken stock', 'worcestershire', 'garlic', 'parsley', green onions', '60']"
47,"Cuca ""Italiana""
","2h 30min
","40 min
","8
","['\n', '3 cups of all-purpose flour\n', '1 1/2 cups of sugar\n', '3/4 of a cup of warm water\n', '2 eggs\n', '6 tablespoons of milk\n', '2 tablespoons of lard or butter\n', '1 tablespoon of instant dry yeast\n', 'A pinch of nutmeg\n', '1 teaspoon of vanilla essence (optional).\n', 'Optional herbs and spices: Fennel seeds, cinammon, cloves. Donâ€™t put too many though.\n', '\n', 'For the â€œfarofaâ€, the crumbly top:\n', '\n', '1 cup of sugar\n', '1/2 cup of flour\n', '2 tablespoons of lard or butter\n', '1 teaspoon of vanilla essence\n', '\n']","['Add the sifted flour, the nutmeg and a pinch of salt into a bowl. In another one, add the sugar, the warm water, the fat of choice, the yeast and the vanilla essence.\n', 'Unite both mixes and knead it until an homogenous dough forms. Put it in a properly floured and greased baking tray that you would use for baking bread, or a tall, round tray for cake.\n', 'Prepare the â€œfarofaâ€ mixing the sugar, the flour, the fat and the vanilla essence with your fingertips, until they form crumbles. Now put the â€œfarofaâ€ over the dough, cover it with a cloth and leave it to rest for 2 hours.\n', 'Then, bake it at a pre-heated 180C (356F) oven for 40 minutes.\n', 'Have it with fruit jam (grape is my favourite) or dulce de leche, and some coffee.\n', '\n']","['brazilian', 'cake', 'traditional', 'dessert', 'flour', 'sugar', 'eggs', 'milk', 'butter', 'yeast', 'nutmeg', 'vanilla essence', 'fennel seeds', 'cinnamon', 'cloves', '190']"
48,"Autumn Soup
","20 min
","40 min
","4
","['1 Medium Squash\n', '3 Potatoes\n', '4 Carrots\n', '1 Small Onion\n', '1 Chicken Bullion Cube\n', '1 cup Water\n', '2 cups Milk\n', 'Salt\n', 'Pepper\n', '\n']","['Peel and chop squash, potatoes, carrots, and onion, add to oven-safe pot.\n', 'Add bullion and enough water to avoid burning (1 cup), place pot in oven (350F) to bake until veggies are soft.\n', 'If there is too much stock, donâ€™t be scared to pour some down the drain.\n', 'Puree (I use electric beaters) while adding the milk.\n', 'Add the salt and pepper, as desired.\n', '\n']","['vegetables', 'lunch', 'dinner', 'squash', 'potato', 'carrot', 'onion', 'chicken bouillon', 'milk', '60']"
49,"Panang-Style Beef Curry
","10 min
","315 min
","4
","['1/2 lb Ground Beef\n', '1 can (400mL) Coconut Milk\n', '1 Red Chili Pepper\n', '1/2 cup Red Curry Paste\n', '4 tsp Peanut Butter\n', '3/4 cup Jasmine Rice\n', '2 Tbsp Cilantro\n', '1 Sweet Bell Pepper\n', '1/2 Onion (2 oz), chopped\n', '1 Tbsp Garlic Puree\n', '1 oz Peanuts, chopped\n', '1/2 Tbsp Soy Sauce\n', '2 Tbsp Mild Curry Paste\n', '\n']","['Start rice. While water comes to a boil, core and cut pepper into 1/2 inch pieces. Roughly chop cilantro. Finely chop the chili pepper - remove seeds for less heat.\n', 'Add rice to boiling water. Reduce heat to low, cover and cook until rice is tender and absorbed, about 12-14 minutes. Remove from heat and keep covered.\n', 'While rice cooks, heat a large non-stick pan over medium-high heat. Once hot, add a tablespoon of oil, then the beef and garlic puree. Cook, breaking up beef into smaller pieces, until no pink remains (4-5 mins).\n', 'Add peppers and onions to the pan with beef. Cook, stirring occasionally until softened (2-3 mins). Add mild curry paste, red curry base, soy sauce, peanut butter, and the minced chili pepper. Cook, stirring often, until fragrant (1 min).\n', 'Add coconut milk to the pan. Cook, stirring often, until curry thickens slightly (2-3 mins).\n', 'Fluff rice with a fork. Add half the cilantro and season, then stir to combine. Divide rice between plates and top with beef curry. Sprinkle peanuts and remaining cilantro over top.\n', '\n']","['thai', 'dinner', 'coconut milk', 'chili pepper', 'curry paste', 'peanut butter', 'jasmine rice', 'cilantro', 'bell pepper', 'onion', 'garlic', 'peanuts', 'soy sauce', '325']"
50,"Egyptian Lentils
","5 min
","40 min
","5
","['1 cup Lentils\n', '1 cup Elbow Macaroni\n', '2 Fresh Chili or Bell Peppers\n', '2 Tbsp Lime Juice\n', '1 1/2 cup Regular Rice\n', '3 Tbsp Oil\n', '2 medium Tomatoes, chopped\n', '1 large Onion, diced\n', '\n']","['Place lentils in a saucepan and cover by 1"" or more of water. Turn heat to high and bring to a boil, then turn down heat to simmer, and cook covered for 35 minutes or until tender. Drain and transfer to a large bowl. Set aside.\n', 'Bring 3 cups of water to a boil, add rice. Turn down to simmer for 20 minutes and fluff up rice with a fork and add to lentils.\n', 'Boil 2 quarts of water, add elbow macaroni and cook until tender. Add to lentils.\n', 'In a small skillet add 1 Tbsp of oil and saute chopped peppers finely for two minutes. Add the tomato, 1/2 cup of water, bring to a boil and simmer for 5 minutes. Add the lime juice. Fold this sauce into the lentils.\n', 'In another skillet heat 2 Tbsp oil, add onions and saute until brown. Garnish lentil mixture with the browned onions.\n', '\n']","['rice', 'pasta', 'easy', 'vegan', 'dinner', 'lunch', 'macaroni', 'chili', 'bell pepper', 'lime juice', 'tomato', 'onion', '45']"
